#,version_$1x4,,,,,,,,,,,,,,,,,,,,,,,,,,,,,,,,,,,,,,,,,,,,,,,,,,,,,,
2025,7,24,1,,,,,,,,,,,,,,,,,,,,,,,,,,,,,,,,,,,,,,,,,,,,,,,,,,,,
#,short_limit_$1x7,,,,,,,,,,,,,,,,,,,,,,,,,,,,,,,,,,,,,,,,,,,,,,,,,,,,,,
30,300,300,300,200,200,30,,,,,,,,,,,,,,,,,,,,,,,,,,,,,,,,,,,,,,,,,,,,,,,,,
#,mutual_raw_limit_max_$39x17,,,,,,,,,,,,,,,,,,,,,,,,,,,,,,,,,,,,,,,,,,,,,,,,,,,,,,
10000,10000,10000,10000,10000,10000,10000,10000,10000,10000,10000,10000,10000,10000,10000,10000,10000,,,,,,,,,,,,,,,,,,,,,,,,,,,,,,,,,,,,,,,
10000,10000,10000,10000,10000,10000,10000,10000,10000,10000,10000,10000,10000,10000,10000,10000,10000,,,,,,,,,,,,,,,,,,,,,,,,,,,,,,,,,,,,,,,
10000,10000,10000,10000,10000,10000,10000,10000,10000,10000,10000,10000,10000,10000,10000,10000,10000,,,,,,,,,,,,,,,,,,,,,,,,,,,,,,,,,,,,,,,
10000,10000,10000,10000,10000,10000,10000,10000,10000,10000,10000,10000,10000,10000,10000,10000,10000,,,,,,,,,,,,,,,,,,,,,,,,,,,,,,,,,,,,,,,
10000,10000,10000,10000,10000,10000,10000,10000,10000,10000,10000,10000,10000,10000,10000,10000,10000,,,,,,,,,,,,,,,,,,,,,,,,,,,,,,,,,,,,,,,
10000,10000,10000,10000,10000,10000,10000,10000,10000,10000,10000,10000,10000,10000,10000,10000,10000,,,,,,,,,,,,,,,,,,,,,,,,,,,,,,,,,,,,,,,
10000,10000,10000,10000,10000,10000,10000,10000,10000,10000,10000,10000,10000,10000,10000,10000,10000,,,,,,,,,,,,,,,,,,,,,,,,,,,,,,,,,,,,,,,
10000,10000,10000,10000,10000,10000,10000,10000,10000,10000,10000,10000,10000,10000,10000,10000,10000,,,,,,,,,,,,,,,,,,,,,,,,,,,,,,,,,,,,,,,
10000,10000,10000,10000,10000,10000,10000,10000,10000,10000,10000,10000,10000,10000,10000,10000,10000,,,,,,,,,,,,,,,,,,,,,,,,,,,,,,,,,,,,,,,
10000,10000,10000,10000,10000,10000,10000,10000,10000,10000,10000,10000,10000,10000,10000,10000,10000,,,,,,,,,,,,,,,,,,,,,,,,,,,,,,,,,,,,,,,
10000,10000,10000,10000,10000,10000,10000,10000,10000,10000,10000,10000,10000,10000,10000,10000,10000,,,,,,,,,,,,,,,,,,,,,,,,,,,,,,,,,,,,,,,
10000,10000,10000,10000,10000,10000,10000,10000,10000,10000,10000,10000,10000,10000,10000,10000,10000,,,,,,,,,,,,,,,,,,,,,,,,,,,,,,,,,,,,,,,
10000,10000,10000,10000,10000,10000,10000,10000,10000,10000,10000,10000,10000,10000,10000,10000,10000,,,,,,,,,,,,,,,,,,,,,,,,,,,,,,,,,,,,,,,
10000,10000,10000,10000,10000,10000,10000,10000,10000,10000,10000,10000,10000,10000,10000,10000,10000,,,,,,,,,,,,,,,,,,,,,,,,,,,,,,,,,,,,,,,
10000,10000,10000,10000,10000,10000,10000,10000,10000,10000,10000,10000,10000,10000,10000,10000,10000,,,,,,,,,,,,,,,,,,,,,,,,,,,,,,,,,,,,,,,
10000,10000,10000,10000,10000,10000,10000,10000,10000,10000,10000,10000,10000,10000,10000,10000,10000,,,,,,,,,,,,,,,,,,,,,,,,,,,,,,,,,,,,,,,
10000,10000,10000,10000,10000,10000,10000,10000,10000,10000,10000,10000,10000,10000,10000,10000,10000,,,,,,,,,,,,,,,,,,,,,,,,,,,,,,,,,,,,,,,
10000,10000,10000,10000,10000,10000,10000,10000,10000,10000,10000,10000,10000,10000,10000,10000,10000,,,,,,,,,,,,,,,,,,,,,,,,,,,,,,,,,,,,,,,
10000,10000,10000,10000,10000,10000,10000,10000,10000,10000,10000,10000,10000,10000,10000,10000,10000,,,,,,,,,,,,,,,,,,,,,,,,,,,,,,,,,,,,,,,
10000,10000,10000,10000,10000,10000,10000,10000,10000,10000,10000,10000,10000,10000,10000,10000,10000,,,,,,,,,,,,,,,,,,,,,,,,,,,,,,,,,,,,,,,
10000,10000,10000,10000,10000,10000,10000,10000,10000,10000,10000,10000,10000,10000,10000,10000,10000,,,,,,,,,,,,,,,,,,,,,,,,,,,,,,,,,,,,,,,
10000,10000,10000,10000,10000,10000,10000,10000,10000,10000,10000,10000,10000,10000,10000,10000,10000,,,,,,,,,,,,,,,,,,,,,,,,,,,,,,,,,,,,,,,
10000,10000,10000,10000,10000,10000,10000,10000,10000,10000,10000,10000,10000,10000,10000,10000,10000,,,,,,,,,,,,,,,,,,,,,,,,,,,,,,,,,,,,,,,
10000,10000,10000,10000,10000,10000,10000,10000,10000,10000,10000,10000,10000,10000,10000,10000,10000,,,,,,,,,,,,,,,,,,,,,,,,,,,,,,,,,,,,,,,
10000,10000,10000,10000,10000,10000,10000,10000,10000,10000,10000,10000,10000,10000,10000,10000,10000,,,,,,,,,,,,,,,,,,,,,,,,,,,,,,,,,,,,,,,
10000,10000,10000,10000,10000,10000,10000,10000,10000,10000,10000,10000,10000,10000,10000,10000,10000,,,,,,,,,,,,,,,,,,,,,,,,,,,,,,,,,,,,,,,
10000,10000,10000,10000,10000,10000,10000,10000,10000,10000,10000,10000,10000,10000,10000,10000,10000,,,,,,,,,,,,,,,,,,,,,,,,,,,,,,,,,,,,,,,
10000,10000,10000,10000,10000,10000,10000,10000,10000,10000,10000,10000,10000,10000,10000,10000,10000,,,,,,,,,,,,,,,,,,,,,,,,,,,,,,,,,,,,,,,
10000,10000,10000,10000,10000,10000,10000,10000,10000,10000,10000,10000,10000,10000,10000,10000,10000,,,,,,,,,,,,,,,,,,,,,,,,,,,,,,,,,,,,,,,
10000,10000,10000,10000,10000,10000,10000,10000,10000,10000,10000,10000,10000,10000,10000,10000,10000,,,,,,,,,,,,,,,,,,,,,,,,,,,,,,,,,,,,,,,
10000,10000,10000,10000,10000,10000,10000,10000,10000,10000,10000,10000,10000,10000,10000,10000,10000,,,,,,,,,,,,,,,,,,,,,,,,,,,,,,,,,,,,,,,
10000,10000,10000,10000,10000,10000,10000,10000,10000,10000,10000,10000,10000,10000,10000,10000,10000,,,,,,,,,,,,,,,,,,,,,,,,,,,,,,,,,,,,,,,
10000,10000,10000,10000,10000,10000,10000,10000,10000,10000,10000,10000,10000,10000,10000,10000,10000,,,,,,,,,,,,,,,,,,,,,,,,,,,,,,,,,,,,,,,
10000,10000,10000,10000,10000,10000,10000,10000,10000,10000,10000,10000,10000,10000,10000,10000,10000,,,,,,,,,,,,,,,,,,,,,,,,,,,,,,,,,,,,,,,
10000,10000,10000,10000,10000,10000,10000,10000,10000,10000,10000,10000,10000,10000,10000,10000,10000,,,,,,,,,,,,,,,,,,,,,,,,,,,,,,,,,,,,,,,
10000,10000,10000,10000,10000,10000,10000,10000,10000,10000,10000,10000,10000,10000,10000,10000,10000,,,,,,,,,,,,,,,,,,,,,,,,,,,,,,,,,,,,,,,
10000,10000,10000,10000,10000,10000,10000,10000,10000,10000,10000,10000,10000,10000,10000,10000,10000,,,,,,,,,,,,,,,,,,,,,,,,,,,,,,,,,,,,,,,
10000,10000,10000,10000,10000,10000,10000,10000,10000,10000,10000,10000,10000,10000,10000,10000,10000,,,,,,,,,,,,,,,,,,,,,,,,,,,,,,,,,,,,,,,
10000,10000,10000,10000,10000,10000,10000,10000,10000,10000,10000,10000,10000,10000,10000,10000,10000,,,,,,,,,,,,,,,,,,,,,,,,,,,,,,,,,,,,,,,
#,mutual_raw_limit_min_$39x17,,,,,,,,,,,,,,,,,,,,,,,,,,,,,,,,,,,,,,,,,,,,,,,,,,,,,,
1000,1000,1000,1000,1000,1000,1000,1000,1000,1000,1000,1000,1000,1000,1000,1000,1000,,,,,,,,,,,,,,,,,,,,,,,,,,,,,,,,,,,,,,,
1000,1000,1000,1000,1000,1000,1000,1000,1000,1000,1000,1000,1000,1000,1000,1000,1000,,,,,,,,,,,,,,,,,,,,,,,,,,,,,,,,,,,,,,,
1000,1000,1000,1000,1000,1000,1000,1000,1000,1000,1000,1000,1000,1000,1000,1000,1000,,,,,,,,,,,,,,,,,,,,,,,,,,,,,,,,,,,,,,,
1000,1000,1000,1000,1000,1000,1000,1000,1000,1000,1000,1000,1000,1000,1000,1000,1000,,,,,,,,,,,,,,,,,,,,,,,,,,,,,,,,,,,,,,,
1000,1000,1000,1000,1000,1000,1000,1000,1000,1000,1000,1000,1000,1000,1000,1000,1000,,,,,,,,,,,,,,,,,,,,,,,,,,,,,,,,,,,,,,,
1000,1000,1000,1000,1000,1000,1000,1000,1000,1000,1000,1000,1000,1000,1000,1000,1000,,,,,,,,,,,,,,,,,,,,,,,,,,,,,,,,,,,,,,,
1000,1000,1000,1000,1000,1000,1000,1000,1000,1000,1000,1000,1000,1000,1000,1000,1000,,,,,,,,,,,,,,,,,,,,,,,,,,,,,,,,,,,,,,,
1000,1000,1000,1000,1000,1000,1000,1000,1000,1000,1000,1000,1000,1000,1000,1000,1000,,,,,,,,,,,,,,,,,,,,,,,,,,,,,,,,,,,,,,,
1000,1000,1000,1000,1000,1000,1000,1000,1000,1000,1000,1000,1000,1000,1000,1000,1000,,,,,,,,,,,,,,,,,,,,,,,,,,,,,,,,,,,,,,,
1000,1000,1000,1000,1000,1000,1000,1000,1000,1000,1000,1000,1000,1000,1000,1000,1000,,,,,,,,,,,,,,,,,,,,,,,,,,,,,,,,,,,,,,,
1000,1000,1000,1000,1000,1000,1000,1000,1000,1000,1000,1000,1000,1000,1000,1000,1000,,,,,,,,,,,,,,,,,,,,,,,,,,,,,,,,,,,,,,,
1000,1000,1000,1000,1000,1000,1000,1000,1000,1000,1000,1000,1000,1000,1000,1000,1000,,,,,,,,,,,,,,,,,,,,,,,,,,,,,,,,,,,,,,,
1000,1000,1000,1000,1000,1000,1000,1000,1000,1000,1000,1000,1000,1000,1000,1000,1000,,,,,,,,,,,,,,,,,,,,,,,,,,,,,,,,,,,,,,,
1000,1000,1000,1000,1000,1000,1000,1000,1000,1000,1000,1000,1000,1000,1000,1000,1000,,,,,,,,,,,,,,,,,,,,,,,,,,,,,,,,,,,,,,,
1000,1000,1000,1000,1000,1000,1000,1000,1000,1000,1000,1000,1000,1000,1000,1000,1000,,,,,,,,,,,,,,,,,,,,,,,,,,,,,,,,,,,,,,,
1000,1000,1000,1000,1000,1000,1000,1000,1000,1000,1000,1000,1000,1000,1000,1000,1000,,,,,,,,,,,,,,,,,,,,,,,,,,,,,,,,,,,,,,,
1000,1000,1000,1000,1000,1000,1000,1000,1000,1000,1000,1000,1000,1000,1000,1000,1000,,,,,,,,,,,,,,,,,,,,,,,,,,,,,,,,,,,,,,,
1000,1000,1000,1000,1000,1000,1000,1000,1000,1000,1000,1000,1000,1000,1000,1000,1000,,,,,,,,,,,,,,,,,,,,,,,,,,,,,,,,,,,,,,,
1000,1000,1000,1000,1000,1000,1000,1000,1000,1000,1000,1000,1000,1000,1000,1000,1000,,,,,,,,,,,,,,,,,,,,,,,,,,,,,,,,,,,,,,,
1000,1000,1000,1000,1000,1000,1000,1000,1000,1000,1000,1000,1000,1000,1000,1000,1000,,,,,,,,,,,,,,,,,,,,,,,,,,,,,,,,,,,,,,,
1000,1000,1000,1000,1000,1000,1000,1000,1000,1000,1000,1000,1000,1000,1000,1000,1000,,,,,,,,,,,,,,,,,,,,,,,,,,,,,,,,,,,,,,,
1000,1000,1000,1000,1000,1000,1000,1000,1000,1000,1000,1000,1000,1000,1000,1000,1000,,,,,,,,,,,,,,,,,,,,,,,,,,,,,,,,,,,,,,,
1000,1000,1000,1000,1000,1000,1000,1000,1000,1000,1000,1000,1000,1000,1000,1000,1000,,,,,,,,,,,,,,,,,,,,,,,,,,,,,,,,,,,,,,,
1000,1000,1000,1000,1000,1000,1000,1000,1000,1000,1000,1000,1000,1000,1000,1000,1000,,,,,,,,,,,,,,,,,,,,,,,,,,,,,,,,,,,,,,,
1000,1000,1000,1000,1000,1000,1000,1000,1000,1000,1000,1000,1000,1000,1000,1000,1000,,,,,,,,,,,,,,,,,,,,,,,,,,,,,,,,,,,,,,,
1000,1000,1000,1000,1000,1000,1000,1000,1000,1000,1000,1000,1000,1000,1000,1000,1000,,,,,,,,,,,,,,,,,,,,,,,,,,,,,,,,,,,,,,,
1000,1000,1000,1000,1000,1000,1000,1000,1000,1000,1000,1000,1000,1000,1000,1000,1000,,,,,,,,,,,,,,,,,,,,,,,,,,,,,,,,,,,,,,,
1000,1000,1000,1000,1000,1000,1000,1000,1000,1000,1000,1000,1000,1000,1000,1000,1000,,,,,,,,,,,,,,,,,,,,,,,,,,,,,,,,,,,,,,,
1000,1000,1000,1000,1000,1000,1000,1000,1000,1000,1000,1000,1000,1000,1000,1000,1000,,,,,,,,,,,,,,,,,,,,,,,,,,,,,,,,,,,,,,,
1000,1000,1000,1000,1000,1000,1000,1000,1000,1000,1000,1000,1000,1000,1000,1000,1000,,,,,,,,,,,,,,,,,,,,,,,,,,,,,,,,,,,,,,,
1000,1000,1000,1000,1000,1000,1000,1000,1000,1000,1000,1000,1000,1000,1000,1000,1000,,,,,,,,,,,,,,,,,,,,,,,,,,,,,,,,,,,,,,,
1000,1000,1000,1000,1000,1000,1000,1000,1000,1000,1000,1000,1000,1000,1000,1000,1000,,,,,,,,,,,,,,,,,,,,,,,,,,,,,,,,,,,,,,,
1000,1000,1000,1000,1000,1000,1000,1000,1000,1000,1000,1000,1000,1000,1000,1000,1000,,,,,,,,,,,,,,,,,,,,,,,,,,,,,,,,,,,,,,,
1000,1000,1000,1000,1000,1000,1000,1000,1000,1000,1000,1000,1000,1000,1000,1000,1000,,,,,,,,,,,,,,,,,,,,,,,,,,,,,,,,,,,,,,,
1000,1000,1000,1000,1000,1000,1000,1000,1000,1000,1000,1000,1000,1000,1000,1000,1000,,,,,,,,,,,,,,,,,,,,,,,,,,,,,,,,,,,,,,,
1000,1000,1000,1000,1000,1000,1000,1000,1000,1000,1000,1000,1000,1000,1000,1000,1000,,,,,,,,,,,,,,,,,,,,,,,,,,,,,,,,,,,,,,,
1000,1000,1000,1000,1000,1000,1000,1000,1000,1000,1000,1000,1000,1000,1000,1000,1000,,,,,,,,,,,,,,,,,,,,,,,,,,,,,,,,,,,,,,,
1000,1000,1000,1000,1000,1000,1000,1000,1000,1000,1000,1000,1000,1000,1000,1000,1000,,,,,,,,,,,,,,,,,,,,,,,,,,,,,,,,,,,,,,,
1000,1000,1000,1000,1000,1000,1000,1000,1000,1000,1000,1000,1000,1000,1000,1000,1000,,,,,,,,,,,,,,,,,,,,,,,,,,,,,,,,,,,,,,,
#,mutual_diff_limit_$1x1,,,,,,,,,,,,,,,,,,,,,,,,,,,,,,,,,,,,,,,,,,,,,,,,,,,,,,
2500,,,,,,,,,,,,,,,,,,,,,,,,,,,,,,,,,,,,,,,,,,,,,,,,,,,,,,,
#,self_raw_limit_max_$1x56,,,,,,,,,,,,,,,,,,,,,,,,,,,,,,,,,,,,,,,,,,,,,,,,,,,,,,
30000,30000,30000,30000,30000,30000,30000,30000,30000,30000,30000,30000,30000,30000,30000,30000,30000,30000,30000,30000,30000,30000,30000,30000,30000,30000,30000,30000,30000,30000,30000,30000,30000,30000,30000,30000,30000,30000,30000,30000,30000,30000,30000,30000,30000,30000,30000,30000,30000,30000,30000,30000,30000,30000,30000,30000
#,self_raw_limit_min_$1x56,,,,,,,,,,,,,,,,,,,,,,,,,,,,,,,,,,,,,,,,,,,,,,,,,,,,,,
4000,4000,4000,4000,4000,4000,4000,4000,4000,4000,4000,4000,4000,4000,4000,4000,4000,4000,4000,4000,4000,4000,4000,4000,4000,4000,4000,4000,4000,4000,4000,4000,4000,4000,4000,4000,4000,4000,4000,4000,4000,4000,4000,4000,4000,4000,4000,4000,4000,4000,4000,4000,4000,4000,4000,4000
#,self_diff_limit_$1x1,,,,,,,,,,,,,,,,,,,,,,,,,,,,,,,,,,,,,,,,,,,,,,,,,,,,,,
2500,,,,,,,,,,,,,,,,,,,,,,,,,,,,,,,,,,,,,,,,,,,,,,,,,,,,,,,
